right 1,left 1,right 2,left 2,right 3,left 3
0.0,-0.5,0.0,0.0,0.0,0.0
0.5,-0.5,0.0,0.0,0.0,0.0
0.5,-0.5,0.0,0.0,0.0,-0.5
0.5,-0.5,0.0,0.0,-0.5,-0.5
0.5,-0.75,0.0,0.0,-0.5,-0.5
-0.8125,-0.75,-0.5,-0.5,-0.75,-1.24625
-0.8125,-0.75,-0.5,-0.5,-0.875,-1.24625
-0.8125,-0.75,-0.75,-0.5,-0.875,-1.24625
-0.8125,-0.75,-0.75,-0.75,-0.875,-1.24625
-0.8125,-1.4943749999999998,-0.9375,-1.2462499999999999,-0.9375,-1.123125
